[
  {
    "eventTitle": "Genesis AI & Innovation Conference",
    "description": "A national conference focusing on AI, machine learning, and future technologies.",
    "location": "International Convention City Bashundhara, Dhaka",
    "eventType": "conference",
    "capacity": 800,
    "price": 1500.00,
    "eventDate": "2026-02-15T10:00:00.000Z",
    "eventDeadline": "2026-02-05T23:59:59.000Z",
    "eventImage": "ai_Conference2.jpeg",
    "audience": 760,
    "status": "upcoming"
  },
  {
    "eventTitle": "Annual Engineering Conference 2026",
    "description": "Active Environmental Technology conference for the ultimate solution of power ,water & industrial work.",
    "location": "BUET Auditorium, Dhaka",
    "eventType": "conference",
    "capacity": 600,
    "price": 1200.00,
    "eventDate": "2026-03-10T09:30:00.000Z",
    "eventDeadline": "2026-02-28T23:59:59.000Z",
    "eventImage": "annual_Conference3.jpeg",
    "audience": 580,
    "status": "upcoming"
  },
  {
    "eventTitle": "Tech Innovation Conference",
    "description": "Conference highlighting modern tech innovation and research.",
    "location": "Sylhet Engineering College, Dhaka",
    "eventType": "conference",
    "capacity": 700,
    "price": 1800.00,
    "eventDate": "2026-04-05T10:00:00.000Z",
    "eventDeadline": "2026-03-25T23:59:59.000Z",
    "eventImage": "tech_conference1.jpeg",
    "audience": 650,
    "status": "upcoming"
  }
]
