[
  {
    "eventTitle": "EEE Department BBQ Night",
    "description": "BBQ night organized by the Department of EEE for students and faculty.",
    "location": "Sylhet Engineering College",
    "eventType": "cultural",
    "capacity": 300,
    "price": 800.00,
    "eventDate": "2026-02-18T19:00:00.000Z",
    "eventDeadline": "2026-02-10T23:59:59.000Z",
    "eventImage": "Cultural_bbq_eee_3.jpeg",
    "audience": 280,
    "status": "upcoming"
  },
  {
    "eventTitle": "Holi Festival Celebration",
    "description": "Colorful Holi celebration with music, fun activities, and student participation.",
    "location": "Sylhet Engineering College",
    "eventType": "cultural",
    "capacity": 400,
    "price": 200.00,
    "eventDate": "2026-03-14T16:00:00.000Z",
    "eventDeadline": "2026-03-10T23:59:59.000Z",
    "eventImage": "cultural_holi2.jpeg",
    "audience": 370,
    "status": "upcoming"
  },
  {
    "eventTitle": "CSE Department BBQ Night",
    "description": "BBQ night organized by the Department of CSE for students.",
    "location": "Sylhet Engineering College",
    "eventType": "cultural",
    "capacity": 280,
    "price": 750.00,
    "eventDate": "2026-02-25T19:00:00.000Z",
    "eventDeadline": "2026-02-18T23:59:59.000Z",
    "eventImage": "csebbq.jpeg",
    "audience": 260,
    "status": "upcoming"
  },
  {
    "eventTitle": "Annual Cultural Night",
    "description": "Annual cultural program featuring music, dance, and drama performances.",
    "location": "Sylhet Engineering College",
    "eventType": "cultural",
    "capacity": 700,
    "price": 300.00,
    "eventDate": "2026-03-05T18:00:00.000Z",
    "eventDeadline": "2026-02-25T23:59:59.000Z",
    "eventImage": "cultural1.jpeg",
    "audience": 650,
    "status": "upcoming"
  }
]
