[
  {
    "eventTitle": "Solvio Ai Hackathon 2026",
    "description": "24-hour hackathon to solve real-world problems.",
    "location": "Sheba HQ, Jashore IT park ,Jeshore",
    "eventType": "hackathon",
    "capacity": 250,
    "price": 600.00,
    "eventDate": "2026-04-10T08:00:00.000Z",
    "eventDeadline": "2026-03-30T23:59:59.000Z",
    "eventImage": "hackathon1.jpeg",
    "audience": 230,
    "status": "upcoming"
  },
  {
    "eventTitle": "University Hackathon 2K26",
    "description": "Intra-university hackathon for students.",
    "location": "Sylhet Engineering College, Sylhet",
    "eventType": "hackathon",
    "capacity": 180,
    "price": 400.00,
    "eventDate": "2026-05-02T09:00:00.000Z",
    "eventDeadline": "2026-04-25T23:59:59.000Z",
    "eventImage": "hackathon2.jpeg",
    "audience": 165,
    "status": "upcoming"
  }
]
