[
  {
    "eventTitle": "Career Guidance Meetup -Talk With CST Club",
    "description": "Meetup focusing on career planning With Cyber security.",
    "location": "SEC, Sylhet",
    "eventType": "meetup",
    "capacity": 150,
    "price": 0.00,
    "eventDate": "2026-01-25T15:00:00.000Z",
    "eventDeadline": "2026-01-22T23:59:59.000Z",
    "eventImage": "meetup_carrer2.jpeg",
    "audience": 140,
    "status": "upcoming"
  },
  {
    "eventTitle": "Bangladesh Army After Bsc",
    "description": "Awareness session about Bangladesh Army career opportunities, Session with Captain Jamil.",
    "location": "Sylhet Cantonment",
    "eventType": "meetup",
    "capacity": 200,
    "price": 0.00,
    "eventDate": "2026-02-02T10:00:00.000Z",
    "eventDeadline": "2026-01-30T23:59:59.000Z",
    "eventImage": "meetup_army_1.jpeg",
    "audience": 180,
    "status": "upcoming"
  }
]
