[
  {
    "eventTitle": "CSE Day 2026",
    "description": "Annual CSE Day featuring tech events, contests, and cultural programs.",
    "location": "Sylhet Engineering College",
    "eventType": "tech fests",
    "capacity": 600,
    "price": 300.00,
    "eventDate": "2026-03-22T10:00:00.000Z",
    "eventDeadline": "2026-03-15T23:59:59.000Z",
    "eventImage": "cseday1.jpeg",
    "audience": 560,
    "status": "upcoming"
  },
  {
    "eventTitle": "CSE Day Tech Fest",
    "description": "Technology-focused fest organized by CSE department.",
    "location": "Sylhet Engineering College, Sylhet",
    "eventType": "tech fests",
    "capacity": 500,
    "price": 250.00,
    "eventDate": "2026-03-23T10:00:00.000Z",
    "eventDeadline": "2026-03-16T23:59:59.000Z",
    "eventImage": "cseday2.jpeg",
    "audience": 470,
    "status": "upcoming"
  },
  {
    "eventTitle": "EEE Day 2026",
    "description": "Department of EEE annual tech fest and celebration.",
    "location": "Sylhet Engineering College",
    "eventType": "tech fests",
    "capacity": 550,
    "price": 300.00,
    "eventDate": "2026-04-05T10:00:00.000Z",
    "eventDeadline": "2026-03-28T23:59:59.000Z",
    "eventImage": "EEEDAY_1.jpeg",
    "audience": 520,
    "status": "upcoming"
  }
]
