[
  {
    "eventTitle": "Industrial Automation Workshop",
    "description": "Hands-on workshop on factory Automation ,Maintainance & Management.",
    "location": "Sylhet Engineering College",
    "eventType": "workshop",
    "capacity": 120,
    "price": 500.00,
    "eventDate": "2026-01-20T09:00:00.000Z",
    "eventDeadline": "2026-01-15T23:59:59.000Z",
    "eventImage": "Workshop_factory1.jpeg",
    "audience": 110,
    "status": "upcoming"
  },
  {
    "eventTitle": "Line Follower Robot (LFR) Workshop",
    "description": "Practical workshop on designing and building line follower robots using Arduino.",
    "location": "Sylhet Engineering College Robotics Lab",
    "eventType": "workshop",
    "capacity": 80,
    "price": 00.00,
    "eventDate": "2026-02-08T10:00:00.000Z",
    "eventDeadline": "2026-02-02T23:59:59.000Z",
    "eventImage": "LFR_Competition_contest1.jpeg",
    "audience": 75,
    "status": "upcoming"
  }
]
